{
  "train_loss": [
    260.2274221484375,
    240.85260466796876,
    224.6288310888672,
    206.89375646484376,
    188.60472721191405,
    171.8294396875,
    157.65731637695313,
    145.70258222167968,
    135.83253911132812,
    127.96466675292969,
    121.30730884765624,
    115.43669388671876,
    110.54513426757812,
    106.02988011230468,
    102.42789314208984,
    98.5210249633789,
    95.30159813232422,
    92.38499094970703,
    89.54895247314452,
    87.03604821777344,
    84.73692952148437,
    82.26549272460937,
    80.00107383300781,
    78.21343683837891,
    76.24491499023438,
    74.09992212646485,
    72.10449150390625,
    70.1778172631836,
    68.39983821289063,
    66.43266164306641,
    65.13853127197265,
    63.25798055175781,
    61.51852963623047,
    60.07145595214844,
    58.25082177856445,
    56.789492209472655,
    55.226961708984376,
    53.65831970825195,
    52.13518317504883,
    50.85220052368164,
    49.18584950805664,
    47.793496610107425,
    46.625960526123045,
    45.36643548828125,
    44.20149128662109,
    42.994607681884766,
    42.19457467529297,
    41.106566190185546,
    40.20942215209961,
    39.47335836547852,
    38.884367706298825,
    38.189873630371096,
    37.60868483398438,
    37.24656301635742,
    36.715871003417966,
    36.54246202026367,
    36.19432042724609,
    36.039994083251955,
    35.86492388061524,
    35.847429056396486
  ],
  "train_ce": [
    4.334599551086426,
    3.7358051030731203,
    3.2703598539733885,
    2.8394960774993896,
    2.4417918000030516,
    2.1173397606658937,
    1.880487950515747,
    1.6797673442840577,
    1.5277999645233153,
    1.4044560565185547,
    1.3035829114151,
    1.2100529619598388,
    1.1276425050354004,
    1.0582321090316773,
    1.0014503266906738,
    0.9449868223953247,
    0.8883160535812378,
    0.8468636622619629,
    0.7977216585731506,
    0.7571794468688965,
    0.715851718006134,
    0.6762428853797913,
    0.6375187791633606,
    0.6054735405921936,
    0.5753834159469604,
    0.5384426679325104,
    0.5039194174575806,
    0.4797247422790527,
    0.4483440534305573,
    0.41774484025001524,
    0.39427027318954466,
    0.3607173703956604,
    0.3409609578704834,
    0.3143537255477905,
    0.2887237283706665,
    0.266856483707428,
    0.24527832834243773,
    0.22405218342304228,
    0.20330308724403381,
    0.1844280497121811,
    0.1679526142692566,
    0.14932020146846772,
    0.13372051233291626,
    0.121668450922966,
    0.11034726868629456,
    0.09930710969686508,
    0.09202125855207444,
    0.08218003980398178,
    0.07657806998491287,
    0.06880666004657746,
    0.06527476289987565,
    0.06017185740351677,
    0.057938992754220965,
    0.054266595253944394,
    0.05097496264219284,
    0.049661518840789794,
    0.04921269474565983,
    0.048004921023845674,
    0.047554754332304,
    0.047135684201717376
  ],
  "train_kd": [
    255.8928228857422,
    237.11679965820312,
    221.3584715283203,
    204.054260625,
    186.1629352783203,
    169.7120996435547,
    155.77682837890626,
    144.0228148046875,
    134.30473909179688,
    126.5602105126953,
    120.00372599609375,
    114.22664080810547,
    109.41749163574218,
    104.97164807128907,
    101.42644287109376,
    97.57603818847656,
    94.41328202636718,
    91.53812736572266,
    88.75123078857422,
    86.27886882080078,
    84.02107780029297,
    81.58924991699219,
    79.36355489257812,
    77.60796333496094,
    75.66953173339844,
    73.56147946533203,
    71.60057216796875,
    69.69809250976563,
    67.95149412353516,
    66.01491674072265,
    64.74426106689454,
    62.89726321289063,
    61.177568693847654,
    59.75710224365234,
    57.962097993164065,
    56.52263564453125,
    54.98168344848633,
    53.43426750854492,
    51.93188002563477,
    50.66777248657227,
    49.01789695556641,
    47.644176348876954,
    46.49224004882812,
    45.24476699951172,
    44.09114399902344,
    42.895300603027344,
    42.102553332519534,
    41.02438616699219,
    40.13284408325195,
    39.40455170776367,
    38.819092802734374,
    38.12970174194336,
    37.55074578491211,
    37.192296466064455,
    36.664896005859376,
    36.49280046142578,
    36.1451076965332,
    35.99198911254883,
    35.81736896240234,
    35.80029327514649
  ],
  "train_acc": [
    4.28,
    11.894,
    20.13,
    28.518,
    36.61,
    44.072,
    49.29,
    54.146,
    58.22,
    60.946,
    63.374,
    65.872,
    67.93,
    69.8,
    71.068,
    72.742,
    74.052,
    75.38,
    76.632,
    77.814,
    78.906,
    80.014,
    81.08,
    81.986,
    82.81,
    83.77,
    84.752,
    85.496,
    86.38,
    87.264,
    88.188,
    88.882,
    89.644,
    90.298,
    91.198,
    92.002,
    92.52,
    93.228,
    93.96,
    94.568,
    95.026,
    95.57,
    96.138,
    96.546,
    97.0,
    97.276,
    97.524,
    97.878,
    98.114,
    98.406,
    98.504,
    98.62,
    98.762,
    98.854,
    98.992,
    98.942,
    99.018,
    99.018,
    99.054,
    99.104
  ],
  "test_acc": [
    8.95,
    14.95,
    22.66,
    29.91,
    36.1,
    42.71,
    48.66,
    52.88,
    52.79,
    58.07,
    58.7,
    57.07,
    60.9,
    60.86,
    63.82,
    64.41,
    65.34,
    66.19,
    67.33,
    66.37,
    65.41,
    68.22,
    67.48,
    68.21,
    69.81,
    69.4,
    69.97,
    68.63,
    70.38,
    70.21,
    71.49,
    71.2,
    71.04,
    71.98,
    72.76,
    73.49,
    72.53,
    73.2,
    73.76,
    74.01,
    74.25,
    74.22,
    74.21,
    74.5,
    75.03,
    74.97,
    75.4,
    75.05,
    75.73,
    75.58,
    75.64,
    75.74,
    75.76,
    75.97,
    76.06,
    75.96,
    75.93,
    75.82,
    76.04,
    75.85
  ],
  "method": "fitnet",
  "params": {
    "method": "fitnet",
    "epochs": 60,
    "lr": 0.05,
    "batch_size": 128,
    "temperature": 4.0,
    "alpha": 0.5,
    "beta": 1000.0,
    "gamma": 0.4
  },
  "teacher_acc": 76.75,
  "best_acc": 76.06
}