{
  "train_loss": [
    3.7752759873199464,
    2.951707517852783,
    2.3978506418609618,
    2.0357750244903565,
    1.7985087894821168,
    1.6226158754348754,
    1.4914802083206178,
    1.38046273147583,
    1.3001409009933471,
    1.2162451379013062,
    1.1484827503967285,
    1.0958205784606934,
    1.0543034104156495,
    0.9969153664779663,
    0.959931030330658,
    0.9185387307739258,
    0.8853816037368775,
    0.8431027013015747,
    0.808307281036377,
    0.7682968637084961,
    0.7216770310974121,
    0.6974892233085632,
    0.6697172199249267,
    0.625598604774475,
    0.5944771048736572,
    0.5522112154769897,
    0.5294996472072602,
    0.4990863388824463,
    0.46165041103363036,
    0.4247864276313782,
    0.38682377913475036,
    0.35493233291625975,
    0.3319195719814301,
    0.2917496617412567,
    0.2554484898471832,
    0.22684764204025268,
    0.18934240109443665,
    0.16686237432479858,
    0.13715974242448806,
    0.10898563086509705,
    0.08925710009336471,
    0.06879623766064644,
    0.05548738701224327,
    0.046849062790870664,
    0.037501866238117215,
    0.03138077554345131,
    0.027329360833168028,
    0.023562312243580817,
    0.022037870386838913,
    0.02000988486468792,
    0.019036932504177092,
    0.017311940272450446,
    0.016374490864276885,
    0.015952455586194993,
    0.015310676535964012,
    0.014744347509741783,
    0.014500259553194046,
    0.01454463695049286,
    0.01431055500984192,
    0.014295991548895836
  ],
  "train_ce": [
    3.775275805053711,
    2.951707279434204,
    2.3978504055786134,
    2.035774835510254,
    1.7985086577606202,
    1.6226157556152343,
    1.4914800891113282,
    1.3804626122665404,
    1.3001407817840576,
    1.2162450186920166,
    1.148482631187439,
    1.0958204592514038,
    1.05430329120636,
    0.9969152472686768,
    0.9599309111213684,
    0.9185386115646362,
    0.8853814845275879,
    0.8431025820922852,
    0.8083071617507934,
    0.7682967444229126,
    0.721676911201477,
    0.6974891029548645,
    0.669717099571228,
    0.625598482284546,
    0.5944769808578492,
    0.5522110868835449,
    0.5294995158958435,
    0.49908620413780214,
    0.46165027084350585,
    0.4247862830924988,
    0.38682363359451294,
    0.35493218607902527,
    0.3319194252967834,
    0.2917495160484314,
    0.25544834730148314,
    0.2268475025844574,
    0.18934226449966432,
    0.1668622383594513,
    0.1371596052122116,
    0.1089854913520813,
    0.08925695917129517,
    0.068796096419096,
    0.05548724578499794,
    0.04684892187356949,
    0.03750172574520111,
    0.03138063525557518,
    0.027329220731258392,
    0.023562172246575357,
    0.022037730425596237,
    0.02000974499106407,
    0.019036792619228363,
    0.01731180039703846,
    0.016374350984990595,
    0.01595231575012207,
    0.01531053664982319,
    0.014744207645058632,
    0.014500119688510895,
    0.014544497112035752,
    0.014310415139198304,
    0.014295851693451404
  ],
  "train_kd": [
    1.4673120173483767e-07,
    1.4520834133691096e-07,
    1.4456323774084012e-07,
    1.4403226804461155e-07,
    1.4366515437814088e-07,
    1.4343582385663468e-07,
    1.431510646261813e-07,
    1.4296570034730392e-07,
    1.4287625786437274e-07,
    1.4277589189987339e-07,
    1.425753698367771e-07,
    1.4256193931942107e-07,
    1.4241145304822565e-07,
    1.4233864121251827e-07,
    1.4220496391317282e-07,
    1.4223728762317478e-07,
    1.42173591179926e-07,
    1.4216492978903261e-07,
    1.4199379670571944e-07,
    1.4198047368154222e-07,
    1.418510191660971e-07,
    1.4183405717176356e-07,
    1.4174304532389214e-07,
    1.4168352314300137e-07,
    1.4172156606491625e-07,
    1.416244762003771e-07,
    1.414917946794958e-07,
    1.415010698929109e-07,
    1.4138280993392983e-07,
    1.413471327168736e-07,
    1.4127970637673571e-07,
    1.4122941883670138e-07,
    1.4122834185855026e-07,
    1.4108524254879738e-07,
    1.410096780909953e-07,
    1.408704373989167e-07,
    1.4080941719839757e-07,
    1.4062761110835709e-07,
    1.406201158215481e-07,
    1.4055964672479603e-07,
    1.4043279781617456e-07,
    1.4034287503363885e-07,
    1.4023479105617297e-07,
    1.4012975302648556e-07,
    1.4007889745244028e-07,
    1.4004335675963376e-07,
    1.4000980699165666e-07,
    1.3996111470532924e-07,
    1.3998638644807216e-07,
    1.3994146903769435e-07,
    1.3993404317261593e-07,
    1.3992116519602859e-07,
    1.3991284289659234e-07,
    1.399008559747017e-07,
    1.399156137540558e-07,
    1.399083906062515e-07,
    1.3989284597300865e-07,
    1.398817963354304e-07,
    1.3989411564125475e-07,
    1.3990374272452755e-07
  ],
  "train_acc": [
    11.844,
    25.572,
    36.456,
    44.574,
    49.972,
    54.262,
    57.846,
    60.312,
    62.366,
    64.672,
    66.298,
    67.598,
    69.088,
    70.444,
    71.272,
    72.63,
    73.368,
    74.762,
    75.616,
    76.756,
    77.902,
    78.846,
    79.482,
    80.894,
    81.59,
    82.744,
    83.694,
    84.39,
    85.846,
    86.834,
    88.134,
    89.176,
    89.91,
    91.132,
    92.464,
    93.338,
    94.502,
    95.302,
    96.284,
    97.316,
    97.88,
    98.594,
    98.94,
    99.2,
    99.428,
    99.576,
    99.714,
    99.778,
    99.806,
    99.818,
    99.842,
    99.894,
    99.9,
    99.886,
    99.914,
    99.932,
    99.926,
    99.918,
    99.942,
    99.93
  ],
  "test_acc": [
    19.72,
    29.04,
    40.84,
    44.97,
    49.71,
    51.74,
    54.96,
    55.6,
    58.58,
    60.51,
    59.67,
    61.97,
    62.05,
    61.81,
    64.5,
    62.18,
    61.68,
    65.17,
    65.25,
    64.48,
    64.72,
    63.91,
    65.55,
    67.08,
    66.69,
    64.16,
    67.27,
    65.19,
    68.18,
    67.03,
    68.39,
    68.64,
    68.97,
    69.38,
    70.54,
    70.85,
    70.73,
    71.22,
    71.88,
    72.42,
    73.4,
    73.68,
    73.68,
    74.26,
    74.57,
    74.41,
    74.67,
    74.95,
    75.19,
    75.4,
    75.43,
    75.61,
    75.69,
    75.75,
    75.74,
    75.81,
    75.51,
    75.72,
    75.81,
    75.74
  ],
  "method": "cc",
  "params": {
    "method": "cc",
    "epochs": 60,
    "lr": 0.05,
    "batch_size": 128,
    "temperature": 4.0,
    "alpha": 0.5,
    "beta": 0.02,
    "gamma": 0.4
  },
  "teacher_acc": 76.75,
  "best_acc": 75.81
}