{
  "train_loss": [
    6.778011015625,
    5.373547311706543,
    4.340158395233154,
    3.6567901150512694,
    3.182069070892334,
    2.8444675579833985,
    2.5727881144714355,
    2.3553880380249024,
    2.179091114807129,
    2.039038126525879,
    1.9053783372879027,
    1.8044261325073243,
    1.7088331844329834,
    1.62735183303833,
    1.5550894395828248,
    1.4928820796966553,
    1.4182763148880004,
    1.3664327459716796,
    1.301677767715454,
    1.2489806275558473,
    1.2071984658050536,
    1.1463053871536255,
    1.090278427658081,
    1.0376614833068847,
    0.9952919123458862,
    0.9467003200149536,
    0.910778408203125,
    0.86433208568573,
    0.8048147778320313,
    0.7535868231964111,
    0.7179117179107666,
    0.6859810528945923,
    0.6306651777648926,
    0.5919734408950805,
    0.5484813814735413,
    0.5164008794784546,
    0.48670805230140685,
    0.4510505470085144,
    0.41884132026672366,
    0.39494388014793397,
    0.3717045216369629,
    0.3495461594295502,
    0.3308045519447327,
    0.31523690476417543,
    0.29907621676445006,
    0.28760152180671694,
    0.2751003575706482,
    0.26737517601013183,
    0.2571013846683502,
    0.2517849656486511,
    0.24392688868999482,
    0.23754141112327576,
    0.23435947319984435,
    0.23291128393650054,
    0.22696328328132628,
    0.22634839767456055,
    0.2235238507938385,
    0.2228569399738312,
    0.22037803681373597,
    0.2202230057144165
  ],
  "train_ce": [
    3.735316502227783,
    2.8627984701538085,
    2.2706202684783934,
    1.9205827337646484,
    1.6782618282699584,
    1.5064017082977295,
    1.3627702305984497,
    1.255049205970764,
    1.1522895984268189,
    1.0795812118530272,
    0.992565337677002,
    0.9345402717399597,
    0.8714122988891602,
    0.8163405689620972,
    0.7708537378120423,
    0.734531304397583,
    0.6789237956237792,
    0.6446842450904846,
    0.6062946142578125,
    0.5649325006675721,
    0.5388852883529663,
    0.49792445016860964,
    0.4586259875488281,
    0.42382475122451785,
    0.39328451431274414,
    0.3647493881034851,
    0.33709326429367065,
    0.3078236342906952,
    0.27177928285598757,
    0.24076604360103607,
    0.22233903809547426,
    0.1984639556312561,
    0.1662674630689621,
    0.14527251707315444,
    0.12247721919059754,
    0.10996693867206574,
    0.09357539347410201,
    0.07676924770832062,
    0.06488942012548447,
    0.05629504701137543,
    0.04711052148580551,
    0.040123530232906345,
    0.03291479256570339,
    0.028437409348487853,
    0.025072835830450058,
    0.022615140972137453,
    0.01972483482003212,
    0.018221689817905427,
    0.01642048990368843,
    0.014835503507554531,
    0.013973825721293688,
    0.012693233440518379,
    0.012202449801266193,
    0.011589807582497596,
    0.011762112946212292,
    0.011770105669498444,
    0.010465909431576728,
    0.011031938383579255,
    0.010814945707023144,
    0.010004023436903953
  ],
  "train_kd": [
    9.82070550201416,
    7.884296174621582,
    6.409696531829834,
    5.392997468566895,
    4.685876314544678,
    4.182533402557373,
    3.7828060021209717,
    3.455726873855591,
    3.205892630615234,
    2.9984950533294676,
    2.8181913402557375,
    2.6743119853973387,
    2.5462540691375732,
    2.438363091888428,
    2.3393251418304444,
    2.251232854003906,
    2.1576288333892824,
    2.0881812468719483,
    1.997060920715332,
    1.9330287446594239,
    1.8755116413116455,
    1.7946863261413575,
    1.721930874710083,
    1.6514982204818724,
    1.5972993139266969,
    1.5286512512207031,
    1.484463548965454,
    1.4208405367660522,
    1.3378502725982666,
    1.2664076015853882,
    1.2134843984222412,
    1.1734981506347657,
    1.095062892150879,
    1.038674362297058,
    0.9744855426025391,
    0.9228348208618165,
    0.8798407112121582,
    0.8253318456840515,
    0.772793219909668,
    0.7335927132225036,
    0.6962985216903687,
    0.6589687891197205,
    0.6286943124771118,
    0.6020363999748229,
    0.573079596786499,
    0.5525879017448425,
    0.5304758807563782,
    0.5165286615753174,
    0.49778227920532225,
    0.4887344288635254,
    0.4738799513339996,
    0.462389589138031,
    0.456516496219635,
    0.45423276001930235,
    0.4421644541168213,
    0.4409266896057129,
    0.43658179200172426,
    0.43468194190979004,
    0.4299411277675629,
    0.4304419879722595
  ],
  "train_acc": [
    13.456,
    28.452,
    40.708,
    49.388,
    55.156,
    59.718,
    63.258,
    65.932,
    68.604,
    70.272,
    72.588,
    73.994,
    75.366,
    76.732,
    77.692,
    78.62,
    80.118,
    81.052,
    81.988,
    82.926,
    83.796,
    84.934,
    85.918,
    86.954,
    87.786,
    88.43,
    89.29,
    90.288,
    91.382,
    92.298,
    92.818,
    93.626,
    94.656,
    95.484,
    96.142,
    96.624,
    97.226,
    97.77,
    98.182,
    98.508,
    98.83,
    99.044,
    99.316,
    99.444,
    99.522,
    99.606,
    99.672,
    99.732,
    99.78,
    99.832,
    99.82,
    99.878,
    99.876,
    99.886,
    99.888,
    99.854,
    99.916,
    99.884,
    99.88,
    99.928
  ],
  "test_acc": [
    19.48,
    28.29,
    44.53,
    49.06,
    53.5,
    53.5,
    58.83,
    60.21,
    62.75,
    61.57,
    63.43,
    64.21,
    65.25,
    65.88,
    66.03,
    66.04,
    65.07,
    66.99,
    67.6,
    65.55,
    66.76,
    69.51,
    68.29,
    68.97,
    69.05,
    68.12,
    70.74,
    70.57,
    71.31,
    71.82,
    71.48,
    71.71,
    71.93,
    72.96,
    73.47,
    73.81,
    74.92,
    75.11,
    75.47,
    75.43,
    75.84,
    75.86,
    76.57,
    76.78,
    76.9,
    77.1,
    77.27,
    77.08,
    77.25,
    77.42,
    77.41,
    77.42,
    77.59,
    77.71,
    77.57,
    77.64,
    77.58,
    77.6,
    77.71,
    77.58
  ],
  "method": "kd",
  "params": {
    "method": "kd",
    "epochs": 60,
    "lr": 0.05,
    "batch_size": 128,
    "temperature": 4.0,
    "alpha": 0.5,
    "beta": 0,
    "gamma": 0.4
  },
  "teacher_acc": 76.75,
  "best_acc": 77.71
}