{
  "train_loss": [
    5.556383446960449,
    4.230294282836914,
    3.4553304010009764,
    2.991653934326172,
    2.658355714111328,
    2.4185981298828123,
    2.2289141986083982,
    2.058836198120117,
    1.9300575735473633,
    1.828210842666626,
    1.7364507514953613,
    1.6522033366394042,
    1.5816787195205688,
    1.5101939051437379,
    1.4538768467712402,
    1.3956577810668944,
    1.3504648628234863,
    1.295305340614319,
    1.2516089326477051,
    1.2112740152740478,
    1.1600523120117188,
    1.0960574923324584,
    1.0678877861404419,
    1.0268220069122314,
    0.978993017539978,
    0.9373436663436889,
    0.8963134694671631,
    0.8554410004043579,
    0.814455283203125,
    0.7714944506454467,
    0.7284580827331543,
    0.6783130759429932,
    0.6354878799438477,
    0.5905495531463623,
    0.5440973932266235,
    0.5127623141098022,
    0.46913529163360596,
    0.4293997798347473,
    0.402969437084198,
    0.37913315589904784,
    0.3617597331237793,
    0.33818982276916504,
    0.32418300693511964,
    0.31284354042053225,
    0.30357994674682615,
    0.2966593948173523,
    0.2884180591201782,
    0.28261208559036255,
    0.2768819239330292,
    0.2715252897071838,
    0.26696862036705016,
    0.2641062988471985,
    0.2598251406955719,
    0.2588589360141754,
    0.2573264200782776,
    0.256726812953949,
    0.2545361513805389,
    0.2521457759571075,
    0.2523755128479004,
    0.25331771668434144
  ],
  "train_ce": [
    3.5891704216766356,
    2.597070918045044,
    2.055314758148193,
    1.7463089379501342,
    1.5238036321258546,
    1.3711564726638794,
    1.25003602684021,
    1.1401014028930665,
    1.0582582615470886,
    0.9899461297798157,
    0.9284941925430298,
    0.8726104615783692,
    0.8230847954177857,
    0.7735183018493652,
    0.7346968544387817,
    0.6910361429023743,
    0.662300077419281,
    0.6234122827911377,
    0.5902619191741943,
    0.5604053570365906,
    0.5249353868103027,
    0.47962493938446044,
    0.46016749198913576,
    0.4315116021537781,
    0.3955452033615112,
    0.36861565063476565,
    0.3402530042648315,
    0.31502861664772036,
    0.28732866437911986,
    0.25963361887931824,
    0.2317020013809204,
    0.20013976727485658,
    0.1755673925304413,
    0.14998514577865601,
    0.1238639385509491,
    0.10741177114963532,
    0.0859854924595356,
    0.06835071586608887,
    0.05740108613967895,
    0.048139542236328124,
    0.042361538095474244,
    0.03390208483278751,
    0.030935668944120406,
    0.027368567044734955,
    0.025492276685237885,
    0.02435314693570137,
    0.022663410636782646,
    0.02138802932679653,
    0.02031311169683933,
    0.019400710110664368,
    0.018901815497279168,
    0.018415688573718073,
    0.017626001974344253,
    0.017642833752036093,
    0.0173286874127388,
    0.01740876311838627,
    0.017008255603313448,
    0.01629662489980459,
    0.016504528934955597,
    0.016625858444571495
  ],
  "train_kd": [
    1.9672130311584473,
    1.6332233779907226,
    1.4000156357574463,
    1.2453449922180175,
    1.1345520786285401,
    1.0474416523361205,
    0.9788781729507446,
    0.9187347931289673,
    0.8717993139266967,
    0.8382647135925293,
    0.807956559753418,
    0.7795928722763061,
    0.7585939248657226,
    0.7366756032943725,
    0.7191799947357178,
    0.704621635017395,
    0.6881647864532471,
    0.6718930572891235,
    0.6613470127868653,
    0.6508686598968506,
    0.6351169269561767,
    0.6164325570678711,
    0.6077202921295166,
    0.5953104062080383,
    0.5834478142547608,
    0.5687280165863037,
    0.5560604655647278,
    0.5404123836326599,
    0.5271266202354431,
    0.5118608334159851,
    0.49675608165740964,
    0.47817330812454223,
    0.45992048833847043,
    0.4405644078445435,
    0.42023345373153687,
    0.4053505425071716,
    0.383149799079895,
    0.36104906311035156,
    0.3455683511352539,
    0.33099361351013185,
    0.3193981953239441,
    0.30428773814201354,
    0.29324733795166014,
    0.2854749729347229,
    0.27808767015457153,
    0.2723062476348877,
    0.26575464836120605,
    0.2612240560626984,
    0.25656881234169004,
    0.252124579668045,
    0.24806680513381957,
    0.24569061022758484,
    0.2421991385269165,
    0.2412161029434204,
    0.23999773329734803,
    0.23931804959297182,
    0.23752789601325988,
    0.23584915150642394,
    0.23587098452568053,
    0.23669185871124268
  ],
  "train_acc": [
    15.178,
    32.566,
    44.066,
    51.296,
    56.594,
    60.494,
    63.978,
    66.498,
    69.164,
    70.738,
    72.498,
    74.346,
    75.386,
    76.96,
    78.008,
    78.968,
    79.904,
    81.102,
    82.01,
    82.766,
    83.85,
    85.414,
    85.922,
    86.684,
    87.836,
    88.812,
    89.636,
    90.6,
    91.406,
    92.286,
    93.13,
    94.186,
    95.054,
    95.818,
    96.674,
    97.202,
    97.988,
    98.574,
    98.906,
    99.212,
    99.37,
    99.608,
    99.644,
    99.732,
    99.77,
    99.822,
    99.826,
    99.876,
    99.88,
    99.908,
    99.904,
    99.922,
    99.93,
    99.938,
    99.936,
    99.922,
    99.922,
    99.952,
    99.954,
    99.932
  ],
  "test_acc": [
    26.49,
    36.21,
    44.8,
    52.91,
    53.81,
    56.4,
    59.59,
    60.53,
    62.98,
    64.0,
    64.39,
    64.7,
    64.7,
    66.32,
    64.6,
    67.04,
    68.14,
    67.07,
    67.22,
    68.15,
    68.64,
    68.29,
    69.52,
    69.34,
    69.94,
    70.42,
    69.98,
    70.49,
    70.73,
    71.51,
    71.68,
    71.95,
    73.58,
    73.3,
    73.78,
    74.76,
    74.8,
    75.16,
    75.74,
    75.65,
    76.36,
    76.45,
    76.89,
    76.87,
    76.61,
    76.98,
    77.1,
    76.92,
    77.46,
    77.28,
    77.35,
    77.28,
    77.65,
    77.45,
    77.55,
    77.69,
    77.63,
    77.85,
    77.71,
    77.52
  ],
  "method": "sp",
  "params": {
    "method": "sp",
    "epochs": 60,
    "lr": 0.05,
    "batch_size": 128,
    "temperature": 4.0,
    "alpha": 0.5,
    "beta": 3000.0,
    "gamma": 0.4
  },
  "teacher_acc": 76.75,
  "best_acc": 77.85
}