{
  "train_loss": [
    4.575003260726929,
    3.602617990951538,
    2.9156789224243163,
    2.477116125946045,
    2.1958558511352537,
    1.9807933567810059,
    1.821663804397583,
    1.693958837890625,
    1.5693309154891968,
    1.4861449911499023,
    1.3965849557495118,
    1.3329485662078857,
    1.270683099899292,
    1.2262715019607544,
    1.172076591796875,
    1.1289570699691773,
    1.0846590234947204,
    1.0340372116088867,
    1.005846227798462,
    0.9545547253799439,
    0.9161347029495239,
    0.8724720546722412,
    0.8420934108352661,
    0.8081251152038574,
    0.7680103287887573,
    0.7287457497024536,
    0.6831226292419433,
    0.6589329162406922,
    0.6268273802375793,
    0.5901193395042419,
    0.5442960570144654,
    0.5118987840652466,
    0.4753157865715027,
    0.4395615348148346,
    0.39693478519439696,
    0.3604504233551025,
    0.3285901078987122,
    0.3006274925136566,
    0.2616127917671204,
    0.23918269706726075,
    0.22208619707584382,
    0.20105557646274566,
    0.1889872202014923,
    0.17768226467609405,
    0.16972974818706513,
    0.16191162250518798,
    0.15593562619686127,
    0.15402333900928497,
    0.1496372553920746,
    0.14781755813598632,
    0.1454803819322586,
    0.14268838953495025,
    0.14193986588478089,
    0.14050944366931914,
    0.14001834703922272,
    0.1387296411561966,
    0.1393369577884674,
    0.13857752621650696,
    0.1389066537618637,
    0.13814377146720885
  ],
  "train_ce": [
    3.7550113865661623,
    2.889491763000488,
    2.287661047668457,
    1.9149064853668214,
    1.681251190032959,
    1.5043543194198608,
    1.3762361557388305,
    1.2739953522491456,
    1.1722432372665406,
    1.1066418859100342,
    1.0325176668167115,
    0.9811463739395142,
    0.9297410586166381,
    0.8933685503005981,
    0.8470585267066956,
    0.8115455373764038,
    0.7734075311851502,
    0.7302182234573364,
    0.7059865955734252,
    0.6615700164604187,
    0.6282853488731385,
    0.5899307640075684,
    0.5640086121368408,
    0.5333149458694458,
    0.4990731914901733,
    0.4662440184402466,
    0.42560934701919556,
    0.4051358157730103,
    0.37773280040740964,
    0.3461048603248596,
    0.3071070621776581,
    0.28062503527641297,
    0.2504781748008728,
    0.22074265326976777,
    0.18656934141635895,
    0.15729593049049378,
    0.1330412790107727,
    0.11281732451438904,
    0.08466897107839584,
    0.07017192727804183,
    0.05877833510756492,
    0.04557384540081024,
    0.039029837679862976,
    0.03244898229956627,
    0.028834783593416215,
    0.024583575481176376,
    0.021975885056853293,
    0.021891510035991667,
    0.019559147027134894,
    0.01905489762544632,
    0.018585471093058588,
    0.01652019645959139,
    0.016695751521587372,
    0.016190191791653635,
    0.016138724046349525,
    0.015496471955180169,
    0.01595601568609476,
    0.015579286503195762,
    0.015742710390090942,
    0.015470787427127361
  ],
  "train_kd": [
    0.8199918749237061,
    0.7131262274360657,
    0.6280178789710998,
    0.5622096447563172,
    0.5146046593475342,
    0.4764390426063538,
    0.44542764810562135,
    0.4199634851360321,
    0.39708767784118654,
    0.3795031045055389,
    0.3640672899436951,
    0.351802195186615,
    0.340942041721344,
    0.3329029548358917,
    0.325018068189621,
    0.3174115319061279,
    0.31125149131774904,
    0.30381898904800414,
    0.29985963075637817,
    0.29298470914840696,
    0.28784935402870176,
    0.28254129046440124,
    0.27808479698181154,
    0.2748101703643799,
    0.2689371371459961,
    0.26250172884941103,
    0.25751328137397766,
    0.25379710149765017,
    0.2490945799446106,
    0.24401448120117186,
    0.2371889953327179,
    0.23127374823093413,
    0.22483761243343353,
    0.21881888291835785,
    0.21036544407844543,
    0.20315449282169343,
    0.19554882902145385,
    0.18781016757965088,
    0.17694382164955139,
    0.16901076989650726,
    0.16330786222457885,
    0.15548173097610474,
    0.14995738265037536,
    0.14523328260421753,
    0.14089496489048003,
    0.13732804694652556,
    0.1339597411298752,
    0.13213182920455932,
    0.13007810798168182,
    0.12876266058444977,
    0.1268949107980728,
    0.12616819308757782,
    0.12524411445617675,
    0.12431925175189971,
    0.12387962260723114,
    0.12323316938400268,
    0.12338094244956971,
    0.12299823968410492,
    0.12316394354820251,
    0.12267298402547837
  ],
  "train_acc": [
    12.534,
    26.534,
    38.83,
    47.138,
    53.13,
    57.276,
    60.666,
    63.054,
    65.808,
    67.628,
    69.664,
    70.932,
    72.536,
    73.444,
    74.626,
    75.68,
    76.674,
    77.962,
    78.496,
    79.862,
    80.728,
    81.842,
    82.75,
    83.504,
    84.48,
    85.608,
    86.9,
    87.556,
    88.306,
    89.286,
    90.63,
    91.184,
    92.408,
    93.45,
    94.534,
    95.494,
    96.382,
    96.948,
    97.896,
    98.344,
    98.728,
    99.156,
    99.298,
    99.546,
    99.63,
    99.75,
    99.82,
    99.768,
    99.836,
    99.84,
    99.876,
    99.916,
    99.916,
    99.916,
    99.92,
    99.916,
    99.906,
    99.932,
    99.92,
    99.928
  ],
  "test_acc": [
    18.02,
    32.57,
    42.84,
    45.87,
    53.13,
    56.03,
    57.46,
    60.61,
    59.86,
    60.99,
    62.04,
    62.73,
    63.31,
    63.98,
    64.16,
    65.45,
    65.98,
    64.06,
    66.3,
    66.08,
    66.45,
    65.34,
    66.27,
    67.32,
    67.49,
    67.03,
    68.34,
    67.44,
    68.07,
    69.67,
    68.82,
    70.98,
    70.51,
    72.37,
    71.99,
    71.97,
    72.64,
    73.62,
    73.99,
    74.37,
    75.07,
    75.7,
    76.16,
    76.06,
    76.44,
    77.05,
    76.66,
    76.98,
    77.0,
    77.07,
    77.3,
    77.14,
    77.22,
    77.24,
    77.16,
    77.23,
    77.29,
    77.1,
    77.34,
    77.19
  ],
  "method": "at",
  "params": {
    "method": "at",
    "epochs": 60,
    "lr": 0.05,
    "batch_size": 128,
    "temperature": 4.0,
    "alpha": 0.5,
    "beta": 500.0,
    "gamma": 0.4
  },
  "teacher_acc": 76.75,
  "best_acc": 77.34
}