{
  "train_loss": [
    4.719120365142822,
    3.561884800491333,
    2.90000313583374,
    2.4887282373046875,
    2.2160672329711915,
    2.0155837674713135,
    1.8529640007781982,
    1.717968475341797,
    1.617270531463623,
    1.5185896849060059,
    1.4423181970977783,
    1.3705798835754395,
    1.3022428992462158,
    1.2411569574737549,
    1.1900693216705323,
    1.1354840166854858,
    1.0935827336120605,
    1.0403273408126832,
    1.0005705907440186,
    0.9519594356155395,
    0.9078238032531738,
    0.8598631685638428,
    0.8214533577728271,
    0.7828014107131958,
    0.7437036804580689,
    0.7017478475189209,
    0.6548551885986328,
    0.6138986576461792,
    0.5771822611618042,
    0.540191424407959,
    0.5056972523498535,
    0.4653672441673279,
    0.41825899782180787,
    0.37216436380386353,
    0.34479424482345583,
    0.3000702180480957,
    0.2711452205657959,
    0.23325074031829834,
    0.1967548217868805,
    0.1681435709428787,
    0.1491218705368042,
    0.12565754778861998,
    0.10862501990318299,
    0.0935567126250267,
    0.08311108198165894,
    0.07261034850597381,
    0.06339773709058762,
    0.05752803031682968,
    0.051807683193683625,
    0.04702560734033585,
    0.04300906126737595,
    0.03895628193616867,
    0.03548142253875732,
    0.033269584865570065,
    0.03081526692867279,
    0.029209155794382095,
    0.028042501708269118,
    0.026755927261114122,
    0.02635021122455597,
    0.02588424326479435
  ],
  "train_ce": [
    3.699964475250244,
    2.727477861328125,
    2.1709757264709473,
    1.83534358669281,
    1.6190666598892212,
    1.462446361579895,
    1.3366241440582276,
    1.2331645979309083,
    1.1593224512863158,
    1.0839431522369385,
    1.0278903196907043,
    0.97574985912323,
    0.9252026490402222,
    0.8797941476249694,
    0.8444030867195129,
    0.8034854062652588,
    0.7742156866836548,
    0.7334590347099305,
    0.7057443067169189,
    0.668675200214386,
    0.6366372344207764,
    0.5998997861003875,
    0.5720569135856628,
    0.5437755581474304,
    0.5148280459785461,
    0.4840622685050964,
    0.44746333950042727,
    0.4161534782218933,
    0.38972060859680174,
    0.362199295167923,
    0.33741589725494386,
    0.30697941701889037,
    0.27007226561546327,
    0.23400198092460633,
    0.21566692875862123,
    0.1804399805355072,
    0.1605667106103897,
    0.1318167884683609,
    0.10424617232322693,
    0.0836468776512146,
    0.07203763116836548,
    0.05591318562984467,
    0.04570713445067406,
    0.036822703003883364,
    0.03199867807149887,
    0.026748487340211867,
    0.022251963521242143,
    0.02063428156018257,
    0.0188145973187685,
    0.017540854786634447,
    0.016660044033527374,
    0.015402986236214639,
    0.014453462254703045,
    0.014392402393817902,
    0.013765785160064697,
    0.01365305157572031,
    0.01364901070535183,
    0.013200834370553494,
    0.01330426382958889,
    0.013000274380743504
  ],
  "train_kd": [
    1.0198197283172608,
    0.8365838169670105,
    0.7333158852958679,
    0.6602378629112243,
    0.6068221240234375,
    0.5663028973197937,
    0.533160685081482,
    0.5055653883934021,
    0.4829513813304901,
    0.4641863823604584,
    0.44882175643920896,
    0.43422122484207154,
    0.4216771580696106,
    0.41157787826538084,
    0.40152861231803894,
    0.3939060542869568,
    0.3876156339073181,
    0.3815830437374115,
    0.37619617437362673,
    0.37152031325340273,
    0.3661489603328705,
    0.3619652122306824,
    0.3587277914428711,
    0.35580807929992675,
    0.3532363751506805,
    0.3489903964805603,
    0.3460531530380249,
    0.34411351954460145,
    0.34092640852928163,
    0.3390326407146454,
    0.33646821071624755,
    0.33320325185775757,
    0.32879703555107115,
    0.32414075773239137,
    0.32116352947235105,
    0.31630059316635134,
    0.3116861149406433,
    0.30570801918029783,
    0.29903765865325926,
    0.2939015485191345,
    0.2894677733802795,
    0.2837420447921753,
    0.2783080527019501,
    0.2738617426967621,
    0.2702582782936096,
    0.2666291086578369,
    0.2639992078208923,
    0.2621841589832306,
    0.26054410013198853,
    0.2594622416591644,
    0.2589026804161072,
    0.25864010688781736,
    0.25785582076072694,
    0.2577154652786255,
    0.25760249145507813,
    0.25763717816352844,
    0.2577259839439392,
    0.2576910929012299,
    0.2575656028175354,
    0.2576793731498718
  ],
  "train_acc": [
    13.292,
    29.73,
    41.472,
    49.118,
    54.526,
    58.118,
    61.744,
    64.334,
    66.062,
    68.146,
    69.664,
    71.082,
    72.536,
    73.652,
    74.842,
    75.72,
    76.722,
    77.812,
    78.15,
    79.432,
    80.414,
    81.642,
    82.366,
    83.328,
    83.952,
    85.052,
    86.13,
    87.082,
    88.022,
    88.876,
    89.55,
    90.53,
    91.626,
    93.072,
    93.472,
    94.668,
    95.484,
    96.374,
    97.328,
    97.988,
    98.322,
    98.856,
    99.164,
    99.376,
    99.552,
    99.696,
    99.774,
    99.802,
    99.836,
    99.854,
    99.86,
    99.924,
    99.916,
    99.904,
    99.92,
    99.928,
    99.932,
    99.918,
    99.92,
    99.94
  ],
  "test_acc": [
    21.63,
    31.38,
    44.3,
    48.52,
    50.83,
    55.04,
    55.49,
    58.54,
    58.11,
    61.93,
    59.68,
    62.74,
    63.14,
    62.56,
    62.43,
    62.81,
    64.06,
    64.63,
    65.89,
    65.82,
    63.12,
    64.39,
    66.34,
    67.11,
    64.5,
    65.98,
    64.41,
    66.6,
    65.08,
    67.05,
    67.58,
    68.69,
    69.06,
    69.54,
    69.13,
    70.44,
    71.22,
    71.92,
    72.56,
    72.78,
    73.33,
    73.9,
    74.08,
    74.76,
    75.36,
    75.52,
    75.28,
    75.59,
    76.02,
    75.97,
    76.25,
    76.05,
    76.01,
    76.27,
    75.99,
    76.08,
    76.19,
    76.08,
    76.23,
    76.12
  ],
  "method": "sacd",
  "params": {
    "method": "sacd",
    "epochs": 60,
    "lr": 0.05,
    "batch_size": 128,
    "temperature": 4.0,
    "alpha": 0.5,
    "beta": 0,
    "gamma": 0.4,
    "lmbda": 1.0
  },
  "teacher_acc": 76.75,
  "best_acc": 76.27
}