{
  "train_loss": [
    3.748777194366455,
    2.936407540283203,
    2.3670735749816894,
    2.018567682762146,
    1.777936880455017,
    1.611028782081604,
    1.4758667161941528,
    1.3724759789657592,
    1.282447576675415,
    1.2141866244125366,
    1.1494881453323365,
    1.0941756233978273,
    1.0521580491256715,
    0.9926836522293091,
    0.9554158530426026,
    0.9111459817695617,
    0.8812507080078125,
    0.8408505053329468,
    0.8015745325469971,
    0.7660669335746765,
    0.7320915662765503,
    0.6925726762962341,
    0.6690280718421936,
    0.6337836660194397,
    0.5916490111160279,
    0.5542574034500122,
    0.5281610691642761,
    0.4973923752498627,
    0.4517103690433502,
    0.42933791388511655,
    0.387983469581604,
    0.35752981376647947,
    0.31963112769126895,
    0.2868731121826172,
    0.24863035749435425,
    0.22205783515930175,
    0.19950244483947754,
    0.17551606714248658,
    0.1410268297481537,
    0.11306567321896553,
    0.08816543372392655,
    0.07325627520084381,
    0.05661687850236893,
    0.04754683111727238,
    0.037903040531873704,
    0.030637532501220702,
    0.02807177267074585,
    0.02378699114382267,
    0.02131246188521385,
    0.019628052649497987,
    0.017581767377853393,
    0.016839052845835686,
    0.01654994346320629,
    0.016311307485699655,
    0.015359046145081521,
    0.015036281579732896,
    0.014624578377008438,
    0.014329801295399666,
    0.014738318521380425,
    0.014232298811078072
  ],
  "train_ce": [
    3.748777194366455,
    2.936407540283203,
    2.3670735749816894,
    2.018567682762146,
    1.777936880455017,
    1.611028782081604,
    1.4758667161941528,
    1.3724759789657592,
    1.282447576675415,
    1.2141866244125366,
    1.1494881453323365,
    1.0941756233978273,
    1.0521580491256715,
    0.9926836522293091,
    0.9554158530426026,
    0.9111459817695617,
    0.8812507080078125,
    0.8408505053329468,
    0.8015745325469971,
    0.7660669335746765,
    0.7320915662765503,
    0.6925726762962341,
    0.6690280718421936,
    0.6337836660194397,
    0.5916490111160279,
    0.5542574034500122,
    0.5281610691642761,
    0.4973923752498627,
    0.4517103690433502,
    0.42933791388511655,
    0.387983469581604,
    0.35752981376647947,
    0.31963112769126895,
    0.2868731121826172,
    0.24863035749435425,
    0.22205783515930175,
    0.19950244483947754,
    0.17551606714248658,
    0.1410268297481537,
    0.11306567321896553,
    0.08816543372392655,
    0.07325627520084381,
    0.05661687850236893,
    0.04754683111727238,
    0.037903040531873704,
    0.030637532501220702,
    0.02807177267074585,
    0.02378699114382267,
    0.02131246188521385,
    0.019628052649497987,
    0.017581767377853393,
    0.016839052845835686,
    0.01654994346320629,
    0.016311307485699655,
    0.015359046145081521,
    0.015036281579732896,
    0.014624578377008438,
    0.014329801295399666,
    0.014738318521380425,
    0.014232298811078072
  ],
  "train_kd": [
    0.0,
    0.0,
    0.0,
    0.0,
    0.0,
    0.0,
    0.0,
    0.0,
    0.0,
    0.0,
    0.0,
    0.0,
    0.0,
    0.0,
    0.0,
    0.0,
    0.0,
    0.0,
    0.0,
    0.0,
    0.0,
    0.0,
    0.0,
    0.0,
    0.0,
    0.0,
    0.0,
    0.0,
    0.0,
    0.0,
    0.0,
    0.0,
    0.0,
    0.0,
    0.0,
    0.0,
    0.0,
    0.0,
    0.0,
    0.0,
    0.0,
    0.0,
    0.0,
    0.0,
    0.0,
    0.0,
    0.0,
    0.0,
    0.0,
    0.0,
    0.0,
    0.0,
    0.0,
    0.0,
    0.0,
    0.0,
    0.0,
    0.0,
    0.0,
    0.0
  ],
  "train_acc": [
    12.342,
    25.692,
    36.912,
    44.722,
    50.35,
    54.534,
    57.8,
    60.764,
    62.988,
    64.788,
    66.308,
    67.84,
    68.972,
    70.502,
    71.502,
    72.756,
    73.568,
    74.766,
    75.86,
    76.746,
    77.726,
    78.954,
    79.626,
    80.584,
    81.768,
    83.104,
    83.722,
    84.678,
    86.156,
    86.64,
    88.058,
    88.97,
    90.16,
    91.342,
    92.654,
    93.45,
    94.23,
    95.028,
    96.102,
    97.252,
    97.908,
    98.322,
    98.906,
    99.166,
    99.436,
    99.628,
    99.662,
    99.79,
    99.792,
    99.848,
    99.886,
    99.902,
    99.886,
    99.896,
    99.928,
    99.916,
    99.912,
    99.926,
    99.91,
    99.946
  ],
  "test_acc": [
    18.67,
    28.38,
    38.25,
    43.6,
    47.98,
    50.9,
    52.96,
    56.68,
    54.23,
    55.1,
    60.44,
    60.45,
    62.53,
    62.29,
    59.6,
    62.61,
    63.16,
    62.77,
    61.76,
    64.44,
    66.16,
    65.52,
    61.94,
    66.11,
    66.52,
    66.36,
    66.81,
    66.61,
    68.0,
    66.36,
    67.66,
    67.14,
    69.45,
    69.25,
    70.2,
    69.99,
    71.06,
    70.17,
    71.74,
    73.49,
    73.18,
    73.41,
    74.14,
    74.67,
    75.05,
    75.2,
    75.21,
    75.94,
    75.67,
    76.34,
    76.19,
    76.41,
    76.28,
    76.16,
    76.46,
    76.38,
    76.28,
    76.48,
    76.43,
    76.33
  ],
  "method": "baseline",
  "params": {
    "method": "baseline",
    "epochs": 60,
    "lr": 0.05,
    "batch_size": 128,
    "temperature": 4.0,
    "alpha": 0.5,
    "beta": 0,
    "gamma": 0.4
  },
  "teacher_acc": null,
  "best_acc": 76.48
}